{"cameraMode":{"drawMode":0,"name":"Shaded","section":"Shading Mode"},"sceneLighting":false,"audioPlay":false,"sceneViewState":{"m_AlwaysRefresh":false,"showFog":true,"showSkybox":false,"showFlares":true,"showImageEffects":true,"showParticleSystems":true,"showVisualEffectGraphs":true,"m_FxEnabled":true},"in2DMode":false,"pivot":{"x":0.032225608825683597,"y":4.866784572601318,"z":0.16722404956817628},"rotation":{"x":-0.15028545260429383,"y":-0.692935585975647,"z":0.15117309987545014,"w":-0.6887799501419067},"size":7.667964458465576,"orthographic":false}